URL,TrueLabel,Prediction,Warnings,LoadTime(ms),JSHeapUsedSize(bytes),Error
https://www.hollywoodreporter.com/news/december-glut-will-take-a-123119,0,null,Navigation timeout of 10000 ms exceeded,null,null
https://q-r.to/bfX0pe,1,1,"",7,3.0322227478027344,
https://music.apple.com/us/album/nobody-safe/1535576448,0,0,"",3,22.860702514648438,
https://slate.com/technology/2020/11/wikipedia-september-11-breaking-news.html,0,0,"",6,37.080753326416016,
https://www.vox.com/2020/7/7/21314587/live-results-new-jersey-primaries,0,null,Navigating frame was detached,null,null
https://www.hollywoodreporter.com/news/december-glut-will-take-a-123119,0,null,Navigation timeout of 10000 ms exceeded,null,null
https://q-r.to/bfX0pe,1,1,"",502,3.032939910888672,
https://music.apple.com/us/album/nobody-safe/1535576448,0,null,Navigating frame was detached,null,null
https://bit.ly/3Bt5Hm4,1,1,"",1502,1.5714149475097656,
https://blog.ap.org/announcements/why-we-will-lowercase-white,0,0,"",4,7.918415069580078,
https://www.huffpost.com/entry/ivanka-trump-goya_n_5f0e8cacc5b6df6cc0b314c7,0,null,Navigation timeout of 10000 ms exceeded,null,null
https://www.cnn.com/2020/08/11/politics/biden-vp-pick/index.html,0,0,"",2,48.31806182861328,
https://aramcouaeholds.com/,1,1,"",8,6.04718017578125,
https://tinyurl.com/yutmyfee,1,null,Navigating frame was detached,null,null
https://bit.ly/3Bt5Hm4,1,1,"",5374,1.7389602661132812,
https://blog.ap.org/announcements/why-we-will-lowercase-white,0,0,"",1,8.0877685546875,
https://www.huffpost.com/entry/ivanka-trump-goya_n_5f0e8cacc5b6df6cc0b314c7,0,null,"",7199,114.20563507080078,
https://www.cnn.com/2020/08/11/politics/biden-vp-pick/index.html,0,0,"",8,50.04461669921875,
https://aramcouaeholds.com/,1,1,"",83,7.057929992675781,
https://tinyurl.com/yutmyfee,1,1,"",2,16.401504516601562,
https://app--l-strt-ledger--auth.webflow.io/,1,1,"",2,1.4957809448242188,
https://trajet-mondialrelay.com/check/calcul.php,1,1,"",2,1.4879646301269531,
https://inside.com/campaigns/inside-daily-brief-23859/sections/covid-us-200912,0,0,"",2,2.8400802612304688,
https://l.ead.me/bfaX1v?AAo=lTZaABvNTT,1,1,"",0,3.0095901489257812,
https://www.cnn.com/2020/07/21/us/california-coronavirus-surge/index.html,0,0,"",1,46.34878921508789,
https://thehill.com/opinion/campaign/510232-bidens-tax-plan-may-not-add-up,0,0,"",5,90.2839469909668,
https://versuomc.firebaseapp.com/,1,null,"",7087,1.3199119567871094,
https://www.badoo.com,0,0,"",9,11.458438873291016,
https://webmail-101988.weeblysite.com/,1,1,"",1,23.794933319091797,
https://www.nytimes.com/2020/06/29/business/zoom-shirt.html,0,0,"",337,58.512691497802734,
https://muckrack.com/ali-younes,0,0,"",2,15.811565399169922,
https://freemmes.weebly.com/,1,1,"",2,9.100589752197266,
http://from-ia.com/,1,null,net::ERR_BLOCKED_BY_CLIENT at http://from-ia.com/,null,null
https://www.vanityfair.com/news/2020/06/inside-the-world-of-pokers-super-high-rollers,0,0,"",42,79.22429275512695,
https://huckberry.com/store/shop/deals,0,0,"",1,13.823314666748047,
https://digg.cmail20.com/t/t-u-xhyludt-vkjjhbly-ii/,0,0,"",1,2.146717071533203,
https://www.mozilla.org/en-CA/firefox/lockwise/,0,0,"",2,5.115833282470703,
https://uyjcvwlraekctukxghfdfqegkjwdyldjhm.teemill.com/,1,1,"",3,1.4895515441894531,
https://muckrack.com/anamariecox,0,0,"",219,7.484111785888672,
https://vdata.nikkei.com/en/newsgraphics/sony-playstation/,0,0,"",2,4.0576324462890625,
https://www.nytimes.com/2019/01/08/opinion/australians-have-more-fun.html,0,0,"",1,74.0448112487793,
https://unsplash.com/photos/o9dtfshlJ60,0,0,"",1015,29.10698699951172,
https://mymodernmet.com/ipa-movement-photo-awards/,0,0,"",917,41.89375305175781,
https://bookshop.org/books/little-fires-everywhere/9780735224315,0,0,"",1,27.658889770507812,
https://fgfgf6f.weebly.com/,1,1,"",2,9.240886688232422,
https://q-r.to/bfLAr3,1,1,"",2,1.5047264099121094,
https://www.foxbusiness.com/markets/johnson-johnson-coronavirus-earnings-q2-2020,0,0,"",0,27.873783111572266,
https://www.cnn.com/2020/07/15/media/apple-news-podcast/index.html,0,0,"",1,62.84109878540039,
https://s.id/HhxAj,1,null,Execution context was destroyed, most likely because of a navigation.,null,null
https://muckrack.com/alex-horton-1,0,0,"",4,17.552539825439453,
https://www.calgarycapital.com/,0,0,"",89,7.153362274169922,
https://storage.cloud.google.com/user517497679326978.appspot.com/index.html,1,1,"",2,10.166114807128906,
https://thespoon.tech/white-castle-hires-flippy-the-robot-for-pilot-program/,0,0,"",2,10.393798828125,
https://www.technologyreview.com/innovators-under-35/2020/,0,0,"",714,32.0527229309082,
http://allegrolokalnie.6832543.pro,1,1,"",4,1.4893608093261719,
http://machineofdeath.net/ebook,0,1,"",1,3.4524879455566406,
https://medium.com/crimebeat/the-truth-of-the-first-serial-killer-in-america-5e320bf5061f,0,0,"",4,31.87747573852539,
https://qz.com/994486/the-way-you-draw-circles-says-a-lot-about-you/,0,0,"",1,42.34084701538086,
https://www.yjc.ir,0,0,"",7,6.14764404296875,
https://en.wikipedia.org/wiki/Apparent_magnitude,0,0,"",1,5.639553070068359,
https://www.collider.com/legendary-pictures-spectral/124630/,0,0,"",3,23.20773696899414,
https://bprem-69c16.web.app/,1,1,"",1,1.5552330017089844,
https://bit.ly/45Ntcks,1,1,"",1,1.5180854797363281,
https://www.nfl.com/news/nfl-fans-required-to-wear-face-coverings-at-games-in-2020,0,0,"",1,62.44507598876953,
https://www.nytimes.com/2018/06/05/opinion/miss-america-bikini-contest.html,0,0,"",4,60.64360427856445,
https://depotfr-8ae92.firebaseapp.com/,1,1,"",1,1.2626266479492188,
https://www.youtube.com/watch?v=8WhFwSy62xk,0,0,"",0,41.32490158081055,
https://www.nytimes.com/2020/11/27/world/americas/coronavirus-migrants-venezuela.html,0,0,"",1,74.96976852416992,
https://metamasklloginn.onepage.website,1,1,"",0,5.727367401123047,
https://apnews.com/7970759fa14fdb8c9b1e7a6ad65b5f9c,0,null,Navigation timeout of 10000 ms exceeded,null,null
https://www.telegram.org,0,0,"",1,1.6828842163085938,
https://apnews.com/81f61e7d5c381b707bd21efc9a704e93,0,null,Navigation timeout of 10000 ms exceeded,null,null
https://www.nytimes.com/2020/08/10/us/politics/trump-coronavirus-border.html,0,0,"",1,87.0245361328125,
https://apnews.com/d3fc8b88cde56bac9f1e7b5e494fb019,0,null,Navigation timeout of 10000 ms exceeded,null,null
https://apptuts.bio/thanks-for-using-bt,1,0,"",1,2.8761863708496094,
https://www.theverge.com/21351770/google-pixel-4a-review-camera-specs-price,0,null,Navigation timeout of 10000 ms exceeded,null,null
https://9to5google.com/2020/08/04/google-assistant-family-bell/,0,null,Navigation timeout of 10000 ms exceeded,null,null
https://www.baseball-fever.com/archive/index.php/t-79738.html,0,0,"",1,22.756122589111328,
https://blog.google/products/shopping/buy-on-google-is-zero-commission/,0,0,"",1,6.683910369873047,
https://www.summerhousedc.com/dc-weirdo-show,0,0,"",3,14.336715698242188,
https://www.realpage.com/,0,0,"",4,11.078594207763672,
https://tinyurl.com/yws2uo94,1,1,"",8,14.833259582519531,
https://www.zdnet.com/article/microsoft-365-is-big-and-getting-bigger-fast/,0,0,"",74,58.908607482910156,
https://www.linkedin.com,0,0,"",1,7.598075866699219,
https://urlz.fr/rhBf,1,1,"",1239,7.230354309082031,
https://www.colfaxrecord.com/detail/190212.html,0,0,"",2,6.070793151855469,
https://graphics.reuters.com/MINNEAPOLIS-POLICE/PROTESTS-VIDEOS/oakveazawvr/,0,0,"",90,5.722564697265625,
https://pub-28b6157a0bea4e0083b04d82091bef63.r2.dev/index.html,1,1,"",1,3.038196563720703,
https://pub-8e34ba5d87084c3f9c5d2a23075f50b3.r2.dev/dkmfile.html,1,1,"",2,2.1807289123535156,
https://www.audible.com/pd/Scale-Audiobook/B071YNRQ9V,0,0,"",1,36.049583435058594,
https://www.anandtech.com/show/16252/mac-mini-apple-m1-tested,0,null,Navigation timeout of 10000 ms exceeded,null,null
https://digg.cmail19.com/t/t-u-xdiaz-vkjjhbly-id/,0,0,"",1,2.1467132568359375,
https://dappsconnect-api.pages.dev/,1,1,"",1,1.5523033142089844,
https://metaamashjloggin.webflow.io/,1,1,"",1,1.4957313537597656,
https://wallet-live--leedgr.webflow.io/,1,1,"",2,2.3705368041992188,
https://techcrunch.com/2020/07/15/lemonade-launches-pet-insurance/,0,0,"",1,32.79535675048828,
https://www.politico.com/news/2020/06/18/everybody-hates-john-bolton-328921,0,0,"",2770,53.19139099121094,
https://thehustle.co/08102020-wine-windows/,0,null,net::ERR_INTERNET_DISCONNECTED at https://thehustle.co/08102020-wine-windows/,null,null
https://www.cnn.com/2020/08/11/europe/belarus-opposition-leader-flees-intl/index.html,0,null,net::ERR_INTERNET_DISCONNECTED at https://www.cnn.com/2020/08/11/europe/belarus-opposition-leader-flees-intl/index.html,null,null
https://www.madelinecass.com/shop/zukywq02swgrzj4dubdjbgr6xzdgf8,0,null,net::ERR_INTERNET_DISCONNECTED at https://www.madelinecass.com/shop/zukywq02swgrzj4dubdjbgr6xzdgf8,null,null
https://www.unnecessaryinventions.com/cuisine-curtain%ef%b8%8f/,0,null,net::ERR_INTERNET_DISCONNECTED at https://www.unnecessaryinventions.com/cuisine-curtain%ef%b8%8f/,null,null
https://www.morningbrew.com/daily/stories/2020/11/24/one-vaccine-doses-journey-lab-arm,0,null,net::ERR_INTERNET_DISCONNECTED at https://www.morningbrew.com/daily/stories/2020/11/24/one-vaccine-doses-journey-lab-arm,null,null
https://gupy.io/,0,null,net::ERR_INTERNET_DISCONNECTED at https://gupy.io/,null,null
https://portal.uniasselvi.com.br/,0,null,net::ERR_INTERNET_DISCONNECTED at https://portal.uniasselvi.com.br/,null,null
https://www.bbc.com/news/world-us-canada-15764542,0,null,net::ERR_INTERNET_DISCONNECTED at https://www.bbc.com/news/world-us-canada-15764542,null,null
http://incalculable-rainbow-numerous.on-fleek.app/zqpgtsoqhdncude1.html,1,null,net::ERR_INTERNET_DISCONNECTED at http://incalculable-rainbow-numerous.on-fleek.app/zqpgtsoqhdncude1.html,null,null
https://mylink.la/attacct,1,null,net::ERR_INTERNET_DISCONNECTED at https://mylink.la/attacct,null,null
https://www.brainpickings.org/2012/10/16/why-i-write-joan-didion/,0,null,net::ERR_INTERNET_DISCONNECTED at https://www.brainpickings.org/2012/10/16/why-i-write-joan-didion/,null,null
https://www.variety.com,0,null,net::ERR_INTERNET_DISCONNECTED at https://www.variety.com,null,null
https://flowingdata.com/2020/08/04/finding-the-new-age-for-your-age/,0,null,net::ERR_INTERNET_DISCONNECTED at https://flowingdata.com/2020/08/04/finding-the-new-age-for-your-age/,null,null
https://www.hachettebookgroup.com/titles/christen-brandt/impact/9781541756786/,0,null,net::ERR_INTERNET_DISCONNECTED at https://www.hachettebookgroup.com/titles/christen-brandt/impact/9781541756786/,null,null
https://en.wikipedia.org/wiki/Brad_Smith_(American_lawyer),0,null,net::ERR_INTERNET_DISCONNECTED at https://en.wikipedia.org/wiki/Brad_Smith_(American_lawyer),null,null
https://ishadeed.com/article/uncommon-css/,0,null,net::ERR_INTERNET_DISCONNECTED at https://ishadeed.com/article/uncommon-css/,null,null
https://www.androidauthority.com/huawei-5g-tech-europe-1003032/,0,null,net::ERR_INTERNET_DISCONNECTED at https://www.androidauthority.com/huawei-5g-tech-europe-1003032/,null,null
https://apnews.com/a88a0768f236d947dc4b356c3411106b,0,null,net::ERR_INTERNET_DISCONNECTED at https://apnews.com/a88a0768f236d947dc4b356c3411106b,null,null
https://www.ebay.de,0,null,net::ERR_INTERNET_DISCONNECTED at https://www.ebay.de,null,null
https://telstra-109761.weeblysite.com/,1,null,net::ERR_INTERNET_DISCONNECTED at https://telstra-109761.weeblysite.com/,null,null
https://www.politico.com/news/2020/07/19/portland-mayor-we-want-you-to-leave-370250,0,null,net::ERR_INTERNET_DISCONNECTED at https://www.politico.com/news/2020/07/19/portland-mayor-we-want-you-to-leave-370250,null,null
https://muckrack.com/ruth-graham,0,null,net::ERR_INTERNET_DISCONNECTED at https://muckrack.com/ruth-graham,null,null
https://muckrack.com/shibanimahtani,0,null,net::ERR_INTERNET_DISCONNECTED at https://muckrack.com/shibanimahtani,null,null
https://digg.com/editions/top_stories_6_29_20,0,null,net::ERR_INTERNET_DISCONNECTED at https://digg.com/editions/top_stories_6_29_20,null,null
https://www.bangorinfo.com/Focus/focus_42-1-2.html,0,null,net::ERR_INTERNET_DISCONNECTED at https://www.bangorinfo.com/Focus/focus_42-1-2.html,null,null
https://thewalmartdrivein.com/,0,null,net::ERR_INTERNET_DISCONNECTED at https://thewalmartdrivein.com/,null,null
https://optimum2.weeblysite.com/,1,null,net::ERR_INTERNET_DISCONNECTED at https://optimum2.weeblysite.com/,null,null
https://nothing.substack.com/p/nothing-here-but-worst-case-scenarios,0,null,net::ERR_INTERNET_DISCONNECTED at https://nothing.substack.com/p/nothing-here-but-worst-case-scenarios,null,null
https://lithub.com/,0,null,net::ERR_INTERNET_DISCONNECTED at https://lithub.com/,null,null
https://www.nytimes.com/2020/11/23/business/media/ad-council-covid-vaccine-skeptics.html,0,null,net::ERR_INTERNET_DISCONNECTED at https://www.nytimes.com/2020/11/23/business/media/ad-council-covid-vaccine-skeptics.html,null,null
https://muckrack.com/lisaocarroll,0,null,net::ERR_INTERNET_DISCONNECTED at https://muckrack.com/lisaocarroll,null,null
https://www.indianexpress.com,0,null,net::ERR_INTERNET_DISCONNECTED at https://www.indianexpress.com,null,null
https://qrco.de/bfFUT3,1,null,net::ERR_INTERNET_DISCONNECTED at https://qrco.de/bfFUT3,null,null
https://www.etymonline.com/,0,null,net::ERR_INTERNET_DISCONNECTED at https://www.etymonline.com/,null,null
https://www.51sole.com,0,null,net::ERR_INTERNET_DISCONNECTED at https://www.51sole.com,null,null
https://www.youtube.com/watch?v=G5TBWxjnaIE,0,0,"",2,54.95024871826172,
https://myessentialc.weebly.com/,1,null,net::ERR_INTERNET_DISCONNECTED at https://myessentialc.weebly.com/,null,null
https://sites.google.com/view/363y/halaman-muka,1,null,net::ERR_INTERNET_DISCONNECTED at https://sites.google.com/view/363y/halaman-muka,null,null
https://www.lamag.com/culturefiles/khj-radio-once-upon-a-time-in-hollywood/,0,null,net::ERR_INTERNET_DISCONNECTED at https://www.lamag.com/culturefiles/khj-radio-once-upon-a-time-in-hollywood/,null,null
https://consopostfrcom.web.app/,1,null,net::ERR_INTERNET_DISCONNECTED at https://consopostfrcom.web.app/,null,null
https://www.youtube.com/watch?v=QLz9VaksClg,0,0,"",0,54.18623733520508,
https://www.britannica.com/event/Lebanese-Civil-War,0,null,net::ERR_INTERNET_DISCONNECTED at https://www.britannica.com/event/Lebanese-Civil-War,null,null
https://l.ead.me/bfTz4E,1,null,net::ERR_INTERNET_DISCONNECTED at https://l.ead.me/bfTz4E,null,null
https://finablkaredig.web.app/,1,null,net::ERR_INTERNET_DISCONNECTED at https://finablkaredig.web.app/,null,null
https://kahoot.com/home/kahoot-plus/,0,null,net::ERR_INTERNET_DISCONNECTED at https://kahoot.com/home/kahoot-plus/,null,null
https://www.perell.com/blog/why-you-should-write,0,null,net::ERR_INTERNET_DISCONNECTED at https://www.perell.com/blog/why-you-should-write,null,null
https://www.amazon.ca,0,null,net::ERR_INTERNET_DISCONNECTED at https://www.amazon.ca,null,null
https://thehustle.co/unclaimed-baggage-store-that-sells-lost-luggage/,0,null,net::ERR_INTERNET_DISCONNECTED at https://thehustle.co/unclaimed-baggage-store-that-sells-lost-luggage/,null,null
https://www.blog.fagstein.com/2011/09/14/specialty-channel-war/,0,null,net::ERR_INTERNET_DISCONNECTED at https://www.blog.fagstein.com/2011/09/14/specialty-channel-war/,null,null
https://aasvertagtlkom.firebaseapp.com/,1,null,net::ERR_INTERNET_DISCONNECTED at https://aasvertagtlkom.firebaseapp.com/,null,null
https://www.deezer.com,0,0,"",3,11.477787017822266,
https://gimletmedia.com/shows/reply-all,0,0,"",1,49.169097900390625,
https://linkin.bio/easyno/,1,1,"",2,6.707294464111328,
https://muckrack.com/laura-hughes,0,0,"",527,7.133552551269531,
https://www.livejasmin.com,0,0,"",1,58.97368621826172,
https://q-r.to/bfSakw,1,1,"",1,3.013446807861328,
https://boingboing.net/2017/07/11/tropic-of-kansas-making-ameri.html,0,0,"",5124,32.07520294189453,
https://www.ajc.com/john-lewis-obituary/,0,null,Navigation timeout of 10000 ms exceeded,null,null
https://www.reddit.com/r/funny/comments/fl97x5/wfh_tip_2_how_to_always_appear_online/,0,0,"",7,13.21163558959961,
https://www.propertyguru.com.sg/,0,0,"",11,27.19338607788086,
https://www.theonion.com/,0,0,"",2,25.74350357055664,
https://micuenta-actualizacion.com/how/calcul.php,1,null,net::ERR_CERT_COMMON_NAME_INVALID at https://micuenta-actualizacion.com/how/calcul.php,null,null
https://pub-6d30332fdb004424acd9e66705f2efea.r2.dev/index.html,1,1,"",1,3.046520233154297,
https://archimodelsinfilm.com/,0,0,"",1,7.0153656005859375,
https://time.com/5862191/uk-citizenship-hong-kong-china-law/,0,null,Navigation timeout of 10000 ms exceeded,null,null
https://www.nytimes.com/2020/11/24/technology/facebook-election-misinformation.html,0,0,"",2,80.38167572021484,
https://www.bucamorris.com/,0,0,"",92,7.034358978271484,
https://pub-e0a205c9e31b4c1b8ab6a00e4f861b3c.r2.dev/index.html,1,1,"",1,3.0394935607910156,
https://www.biqle.ru,0,null,"",6854,1.319915771484375,
https://www.fragrantica.ru/,0,0,"",4,12.481208801269531,
https://www.engadget.com/fbi-sabre-travel-surveillance-data-214207935.html,0,0,"",4,11.946044921875,
https://joebiden.com/climate-plan/,0,0,"",1,1.6605415344238281,
https://bit.ly/3Yj7UcG,1,1,"",2,1.5180854797363281,
https://2qyep.hp.peraichi.com/,1,1,"",2,1.4893798828125,
https://fs.blog/knowledge-project/,0,0,"",2,15.530685424804688,
https://muckrack.com/andrew-joseph,0,0,"",2,6.954372406005859,
https://hbr.org/2020/07/how-businesses-have-successfully-pivoted-during-the-pandemic,0,0,"",1,51.8764533996582,
https://ahmed.substack.com/,0,0,"",0,28.25731658935547,
https://ww2mtbonline.web.app/,1,1,"",2,1.498291015625,
https://www.hrw.org/news/2020/06/19/myanmar-end-worlds-longest-internet-shutdown,0,0,"",3,14.153190612792969,
https://muckrack.com/brandon-taylor-2,0,0,"",1,10.611209869384766,
https://www.hrblock.com/online-tax-filing/,0,0,"",6,15.93935775756836,
https://www.shopify.com,0,0,"",177,16.571514129638672,
https://www.vettery.com/,0,0,"",5,10.138137817382812,
https://acgrenobld.weebly.com/,1,1,"",1,9.00558090209961,
https://www.ft.com/content/f29bf66c-d3fa-462e-9026-b1bba49ec2cd,0,0,"",2,8.01894760131836,
https://koyab0099.github.io/sameer/request.html,1,1,"",1,1.5249404907226562,
https://8568f96248.preview.weglot.io/cas/login,1,1,"",1,1.531768798828125,
https://www.buzzfeednews.com/article/addybaird/democrats-house-election-losses,0,0,"",3,53.25621032714844,
https://qrco.de/bfQaSh,1,1,"",1,3.010272979736328,
https://www.gofundme.com/f/dreadhead,0,0,"",4,51.64521408081055,
https://www.kantipurdaily.com,0,0,"",4,12.120399475097656,
https://www.tiktok.com/@malmetz/video/6844888479864737029,0,0,"",1,52.428836822509766,
https://www.stripe.com,0,null,Navigation timeout of 10000 ms exceeded,null,null
https://www.thenation.com/article/culture/cool-for-america-andrew-martin-review/,0,null,Requesting main frame too early!,null,null
https://www.comfibook.com/n/Robert+Turcotte,0,null,"",6749,2.9340057373046875,
https://www.teenvogue.com/story/best-therapist-advice,0,0,"",0,52.918766021728516,
https://www.cnet.com/news/peacock-is-free-nbc-streaming-service-not-so-secret-weapon/,0,null,Navigation timeout of 10000 ms exceeded,null,null
https://q-r.to/bfEo1E,1,1,"",2,2.515605926513672,
https://www.fatherly.com/news/mom-beats-covid-has-c-section-gives-birth-to-triplets/,0,0,"",2,14.632308959960938,
https://retours.eu/,0,0,"",1,1.6665077209472656,
https://www.chooseyourplant.com/,0,0,"",0,7.299766540527344,
https://inside.com/campaigns/inside-business-2020-07-22-23857/sections/200843,0,0,"",2,2.869678497314453,
https://www.vulture.com,0,0,"",4723,37.284202575683594,
https://bkye-768-bh8-ddhr6-3eh.weebly.com/,1,1,"",0,9.393115997314453,
https://www.vanityfair.com/news/2020/07/conservative-media-seizes-on-portland-burning-narrative,0,null,Navigation timeout of 10000 ms exceeded,null,null
https://www.wsj.com/articles/facebook-ads-could-be-reaching-saturation-point-11606132807,0,0,"",1,1.7168045043945312,
https://www.bbc.com/news/health-54986208,0,0,"",150,38.63771057128906,
https://bt-mail-102338.weeblysite.com/,1,1,"",2,19.421287536621094,
https://www.vidio.com,0,0,"",5,37.92411804199219,
https://www.sindonews.com,0,0,"",0,24.016510009765625,
https://authentification-w.wixsite.com/my-site,1,1,"",1,10.605278015136719,
https://www.calgarylhl.com/,0,0,"",2,1.5156021118164062,
https://app.jotform.com/250953245497567,1,1,"",1,18.371387481689453,
https://muckrack.com/jonathanmahler,0,0,"",2,17.330821990966797,
https://www.flvto.biz,0,0,"",2,5.147426605224609,
https://hitha.substack.com/p/2020-holiday-gift-guide,0,0,"",1,24.566390991210938,
https://blog.bitsrc.io/how-we-build-our-design-system-15713a1f1833,0,0,"",3,42.39841079711914,
https://sessiongoods.com/,0,0,"",4,19.025089263916016,
https://digg.cmail19.com/t/t-u-pdjihtl-vkjjhbly-dr/,0,0,"",1,2.146717071533203,
https://pub-68edf352d5f54adf86c1b1191639904b.r2.dev/jim.html,1,1,"",2,1.5558815002441406,
https://mybussa.co.za/wp-login.php,1,1,"",1,2.332439422607422,
https://www.sanebox.com/1440,0,0,"",1,55.42383575439453,
https://www.vanityfair.com/news/2020/08/luxe-quarantine-lives-of-silicon-valley-elite,0,0,"",1,86.08211898803711,
https://pub-3ce85788cd004428b1e8df68861cb250.r2.dev/ment.html,1,1,"",3,1.4988288879394531,
https://emojipedia.org/,0,0,"",1,26.265602111816406,
https://examiner.com/,0,0,"",2,7.7538299560546875,
https://tim.blog/2020/07/23/brad-feld/,0,0,"",1085,5.075225830078125,
https://fair.org/,0,0,"",6,6.998340606689453,
https://l.ead.me/bfVhbz,1,1,"",2,1.5026817321777344,
https://qwuibza.web.app/,1,null,"",6843,1.32196044921875,
https://www.eventbrite.com/e/budgeting-skimmd-tickets-115762034361,0,0,"",0,45.66904067993164,
https://www.mp3party.net,0,1,"",2,1.4885101318359375,
https://www.nytimes.com/2020/07/01/world/asia/hong-kong-security-law-china.html,0,0,"",1,75.08489990234375,
https://apps.apple.com/app/id1168348542,0,null,"",7077,15.899517059326172,
https://daily.jstor.org/woman-architect-of-the-new-deal/,0,0,"",4,9.548229217529297,
https://whyisthisinteresting.substack.com/p/why-is-this-interesting-the-monday-9e0,0,0,"",4,24.50666046142578,
https://mailchi.mp/girlsnightin/issue-177,0,0,"",2,2.1905174255371094,
https://www.realsimple.com/food-recipes/shopping-storing/beverages/easy-cocktails,0,0,"",2,39.547332763671875,
https://novedadesenlineaitauservices.vercel.app/,1,1,"",1441,1.5564537048339844,
https://voxcom.updatemyprofile.com/d-clhurtk-DE7C210F-tlhilhkjkt-r,0,0,"",1,2.1405296325683594,
https://en.wikipedia.org/wiki/1860_Oxford_evolution_debate,0,0,"",2,5.123790740966797,
https://www.otaghkhabar24.com,0,null,Navigation timeout of 10000 ms exceeded,null,null
https://bit.ly/4dYAfJu,1,1,"",4,1.5180854797363281,
https://harperwilde.com/collections/skimm,0,null,Navigation timeout of 10000 ms exceeded,null,null
https://www.cbsnews.com/news/trump-coronavirus-wear-face-mask-pandemic-get-worse/,0,null,Navigation timeout of 10000 ms exceeded,null,null
https://matomo.org/,0,0,"",3,10.835102081298828,
https://www.celebgalz.com/vanessa-lengies-vanessa-lengies-rhinoplasty/,0,null,Navigation timeout of 10000 ms exceeded,null,null
https://www.nature.com/articles/d41586-020-02058-1,0,0,"",60,7.958209991455078,
https://open.spotify.com/show/2bBhoACmK3Cakp6jvLGnpw,0,0,"",1,38.08890914916992,
http://uukkrr.net/login/,1,null,net::ERR_BLOCKED_BY_CLIENT at http://uukkrr.net/login/,null,null
https://muckrack.com/arinatter,0,0,"",1,7.308643341064453,
https://www.youtube.com/watch?v=K-a8s8OLBSE,0,0,"",1,56.463863372802734,
https://www.mdif.org/mdif-calls-for-applications-to-southeast-asia-media-initiative/,0,0,"",3,2.46112060546875,
https://www.apollo-magazine.com/future-museum-fundraising/,0,0,"",1,24.910457611083984,
https://mattstoller.substack.com/,0,0,"",1,36.143898010253906,
https://www.renaultgroup.com/,0,0,"",161,42.87272262573242,
https://theconversation.com/how-the-new-york-media-covered-the-stonewall-riots-117954,0,0,"",2,10.923690795898438,
https://www.nytimes.com/2020/07/14/us/politics/trump-cdc-coronavirus.html,0,0,"",0,86.13735580444336,
https://lrb.co.uk/the-paper/v42/n14/patricia-lockwood/diary,0,0,"",591,17.640552520751953,
https://www.newyorker.com/magazine/2016/08/01/the-trans-community-of-christopher-street,0,0,"",2,96.98721694946289,
https://ukandeu.ac.uk/the-increasingly-thorny-issue-of-data-transfers-after-brexit/,0,0,"",2,13.325786590576172,
https://mailchi.mp/3824a7e1ae36/trust-tips-75-explain-election-basics,0,0,"",2,2.1542701721191406,
http://allegrolokalne.pl-1111.cfd,1,null,net::ERR_NAME_NOT_RESOLVED at http://allegrolokalne.pl-1111.cfd,null,null
https://muckrack.com/oluwatomisin-amokeoja/bio,0,0,"",0,6.271446228027344,
https://www.cinf.org/,0,null,Execution context was destroyed, most likely because of a navigation.,null,null
https://reagan-102284.weeblysite.com/,1,1,"",2,22.051250457763672,
https://telstramaill0.weebly.com/,1,1,"",2,1.5244102478027344,
https://www.youtube.com/watch?v=fgQ8HPD4L9Q,0,0,"",37,67.43960571289062,
https://www.youtube.com/watch?v=uPCMrllEfSQ,0,0,"",3,68.10812759399414,
https://news.ncsu.edu/2020/07/tech-job-interviews-anxiety/,0,0,"",1,18.782958984375,
https://www.nytimes.com/2020/06/24/technology/facial-recognition-arrest.html,0,0,"",3,80.8512954711914,
https://pluralistic.net/2020/07/02/big-river/#beemer,0,0,"",2,2.7514610290527344,
https://apnews.com/8989613837e2046e35caf68916e8e90d,0,null,"",7085,57.610877990722656,
https://www.youtube.com/watch?v=2S7de0YEBmo,0,0,"",1,59.21564865112305,
https://www.vox.com/2020/7/22/21334050/usa-china-houston-texas-consulate-spy,0,null,"",6941,46.842063903808594,
https://att.daftpage.com/,1,0,"",3,6.772525787353516,
https://arxiv.org/abs/1803.04585,0,0,"",3,2.9566421508789062,
https://q-r.to/bfSudC,1,1,"",1,3.0250892639160156,
https://www.generalmagicthemovie.com/,0,0,"",1,5.824916839599609,
https://ln.run/14q8J,1,1,"",1,13.689247131347656,
https://www.flowcode.com/page/inputerror,1,0,"",2,26.25296401977539,
https://gimletmedia.com/shows/the-journal/49hlggk/the-suit-to-dissolve-the-nra,0,0,"",2,56.617156982421875,
https://github.com/veeral-patel/how-to-secure-anything,0,0,"",2,12.035125732421875,
https://apnews.com/a517001f27432eaa76507ec1e2ae2276,0,0,"",1187,52.084590911865234,
https://www.businessinsider.com/exclusive-snap-acquires-hot-music-app-voisey-2020-11,0,0,"",3,40.06840515136719,
https://l.ead.me/bfKXu4,1,1,"",2,1.5047264099121094,
https://bigten.org/news/2020/7/9/big-ten-statement-on-2020-21-fall-season.aspx,0,0,"",1,27.546772003173828,
https://dailyrespite.substack.com/p/august-1-2020-b8a/comments,0,0,"",3,21.769073486328125,
https://www.youtube.com/watch?v=CeZQ7WEFrz4,0,0,"",2,57.233890533447266,
https://mailchi.mp/30c6ee873f85/soniaspoemoftheweek,0,1,"",1,3.9331283569335938,
https://qrco.de/bfXXgL,1,1,"",2,1.5026092529296875,
https://q-r.to/bfInXo,1,1,"",2,1.5026817321777344,
https://www.theguardian.com/media/2008/jul/29/sundaytimes.pressandpublishing,0,0,"",0,7.289009094238281,
https://9to5mac.com/2020/11/18/ios-14-3-shortcuts-custom-app-icons/,0,null,Navigation timeout of 10000 ms exceeded,null,null
https://www.nytimes.com/2020/06/30/science/how-coronavirus-spreads.html,0,0,"",3,78.20643997192383,
https://bluehavenfin.click,1,1,"",6,1.4989433288574219,
https://geo-online.co.jp/,0,null,Navigation timeout of 10000 ms exceeded,null,null
https://keepo.io/Login,1,0,"",1,5.459442138671875,
https://www.bbc.com/news/entertainment-arts-54999375,0,0,"",1,33.863990783691406,
https://www.shz.de/,0,0,"",4,9.021190643310547,
https://deezlinks.substack.com/p/deez-interviews-hannah-rimm-on-the,0,0,"",2,22.725231170654297,
https://www.businessinsider.com/larry-page-the-untold-story-2014-4,0,0,"",5,28.524776458740234,
https://msgvpop.wixsite.com/my-site,1,1,"",1,11.282295227050781,
https://q-r.to/bfJFFn,1,1,"",2,1.5026817321777344,
https://meyerweb.com/eric/thoughts/2020/07/01/accordion-rows-in-css-grid/,0,0,"",1,1.8080978393554688,
https://telstra-105864.weeblysite.com/,1,1,"",2,24.80514907836914,
https://www.apple.com/ca/newsroom/2020/07/apple-reports-third-quarter-results/,0,null,"",6997,8.954395294189453,
http://case-47978649.fbpage-notifications.com,1,null,net::ERR_BLOCKED_BY_CLIENT at http://case-47978649.fbpage-notifications.com,null,null
https://ledgrwalliate.webflow.io/,1,1,"",4,1.4957237243652344,
https://www.axis.com/,0,0,"",2,6.231143951416016,
https://fqanl.cn/QJSmxXOQ/,1,1,"",2,1.4871711730957031,
https://ca.finance.yahoo.com/news/nasdaq-buy-newfoundland-verafin-2-135852383.html,0,0,"",2,2.043598175048828,
https://xverseqwalletextension.webflow.io/,1,1,"",0,2.370807647705078,
https://muckrack.com/stephanie-salmon-1,0,0,"",2,9.72354507446289,
https://www.bbc.co.uk/news/uk-53669432,0,0,"",1,40.164337158203125,
http://tinyurl.com/2yw8gxgv/?hash=m3u0v0@m3u0v0.com.br,1,1,"",2345,15.867057800292969,
https://www.pagesjaunes.fr,0,0,"",1,11.328853607177734,
https://www.ft.com/content/ea6f3104-eeec-466a-a082-76ae78d430fd,0,0,"",4,7.993999481201172,
https://www.webmd.com/sleep-disorders/benefits-sleep-more,0,0,"",2,43.33325958251953,
https://www.nytimes.com/2020/06/28/business/economy/chesapeake-energy-bankruptcy.html,0,0,"",1,94.5903205871582,
https://www.elle.com/culture/movies-tv/g32644924/best-summer-tv-shows-2020/,0,0,"",1,31.086688995361328,
https://votecontest.pages.dev/,1,1,"",2724,4.48974609375,
https://melmagazine.com/en-us/story/reddit-food-pantry-bank-pizza,0,0,"",3,13.313045501708984,
https://apnews.com/8f99aa628bbbd6d7b2bdaabcf4cd1ffe,0,null,Navigation timeout of 10000 ms exceeded,null,null
https://bit.ly/4fp6yDm,1,1,"",3,1.5180854797363281,
https://muckrack.com/mike-spies-1,0,0,"",1,7.299495697021484,
https://rb.gy/m9f4g1,1,1,"",1,1.5033912658691406,
https://slate.com/business/2020/11/wells-fargo-scandal-history-karen-attiah.html,0,0,"",9,34.603458404541016,
https://currently-att-4-10-2025.weeblysite.com/,1,1,"",2,1.5012397766113281,
https://www.tvtropes.org,0,0,"",2,14.35223388671875,
https://www.ubs.com/uk/en.html,0,0,"",2,7.320873260498047,
https://www.google.by,0,0,"",2,10.51223373413086,
https://www.thekitchn.com,0,0,"",1235,43.68577575683594,
https://www.vox.com/2020/8/11/21354671/democratic-national-convention-dnc-news,0,null,"",7244,47.42860794067383,
https://whyisthisinteresting.substack.com/p/why-is-this-interesting-the-richest,0,0,"",2,24.802165985107422,
https://mossandfog.com/3d-printed-terra-cotta-tiles-are-helping-restore-coral-habitat/,0,null,"",7296,15.446563720703125,
https://vimeo.com/447263680,0,0,"",5,17.02545166015625,
https://new.express.adobe.com/webpage/w26YbODZV7cf3,1,1,"",1,134.17924118041992,
https://www.udesk.cn/,0,null,Navigation timeout of 10000 ms exceeded,null,null
https://www.swiss-miss.com/2020/07/dont-complain-2.html#respond,0,0,"",1,2.732105255126953,
https://podcasts.apple.com/gb/podcast/workshop/id1467198890,0,0,"",1,12.052967071533203,
https://www.croplife.com/precision/agrellus-offers-retailers-ecommerce-options/,0,null,Navigation timeout of 10000 ms exceeded,null,null
https://www.thingelstad.com/2020/06/25/we-had-a.html,0,0,"",1,1.6889419555664062,
https://pub-398374cead0f4c34808233c18510c81b.r2.dev/kjkudex.html,1,1,"",1,3.0013046264648438,
https://www.livescience.com/why-are-humans-curious.html,0,null,Navigation timeout of 10000 ms exceeded,null,null
https://bttelecommplc11.weebly.com/,1,1,"",2,9.268962860107422,
https://tinyurl.com/493f6rvh,1,1,"",9,14.488834381103516,
https://qrco.de/bfWl7s,1,1,"",2,3.0097885131835938,
https://unsplash.com/s/photos/bus,0,0,"",6,25.983718872070312,
https://beautiful-five-burst.glitch.me/package.html#tips@fbi.gov,1,1,"",0,1.5180130004882812,
https://www.bbc.com/news/world-middle-east-54999008,0,0,"",183,47.839698791503906,
https://briefingday.com/i/f16wubp,0,1,"",1,32.69492721557617,
https://blkandbold.com/,0,0,"",26,27.974796295166016,
https://www.vice.com/en_us/article/pkym3k/qanon-conspiracy-has-gone-global,0,0,"",1,60.19477081298828,
https://qz.com/guide/the-new-management/,0,0,"",1,17.368061065673828,
https://lookslikeyouneediceland.com/,0,null,"",6915,13.248832702636719,
https://www.patreon.com/m/4187297/membership,0,0,"",2,21.207015991210938,
https://ew.com/tv/exclusive-maya-rudolph-reacts-to-kamala-harris-vp-pick/,0,0,"",8,48.465538024902344,
https://www.abramsandchronicle.co.uk/book/9781419742811-the-new-parisienne/,0,0,"",28,6.4207000732421875,
https://data-volfed.firebaseapp.com/,1,null,"",6929,1.3219566345214844,
https://www.youtube.com/watch?v=Dd_ekTk2a_U,0,0,"",1,59.427284240722656,
https://www.thefarside.com/,0,0,"",3,14.765457153320312,
https://tinyurl.com/y9jc76sx,1,1,"",1,14.609302520751953,
https://www.wsj.com/articles/a-note-to-readers-11595547898,0,0,"",1,1.5897445678710938,
https://www.cnbc.com/2020/11/23/amazon-echo-buds-fitness-tracking-update-released.html,0,null,"",7253,66.89442825317383,
https://makidexfront.weebly.com/,1,1,"",2,9.351402282714844,
https://trumpresearchbook.com/,0,0,"",1,14.74886703491211,
https://protopage.com/,0,0,"",2,6.151882171630859,
https://l.ead.me/bfKoMV,1,1,"",2,1.5026817321777344,
https://c4foundation.org/chuck-heavy/,0,0,"",423,7.128253936767578,
https://kerucoinluwogin.webflow.io/,1,1,"",2,1.4957313537597656,
https://www.xfinity.com/national/,0,0,"",8,93.71501922607422,
https://www.nngroup.com/articles/the-need-for-speed/,0,0,"",1,5.674182891845703,
https://digg.com/video/eratosthenes-earth-curve,0,0,"",4,13.020103454589844,
https://www.homefortheharvest.com/online-gardening-courses/,0,0,"",4,42.17845916748047,
https://digg.cmail20.com/t/t-u-pklduuk-vkjjhbly-dr/,0,0,"",1,2.146717071533203,
https://www.city-journal.org/san-francisco-hotel-motel-plan-for-homeless,0,0,"",2,15.303272247314453,
https://lithub.com/marriage-story-barely-tolerating-the-person-you-love/,0,null,Navigation timeout of 10000 ms exceeded,null,null
https://www.billsportsmaps.com/?p=5783,0,0,"",1,9.37994384765625,
https://www.nytimes.com/2020/06/29/nyregion/nyc-budget-police.html,0,0,"",0,76.07282257080078,
https://view.newsletters.cnn.com/messages/1597205248572e23d96d3cb58/raw,0,0,"",8,1.5022239685058594,
https://www.thegreatcoursesplus.com/lp/t1/3months,0,1,"",3,40.52640914916992,
https://www.buzzfeednews.com/article/rubycramer/kamala-harris-vp-black-women-democrats,0,0,"",12,61.66987228393555,
https://www.bookpeople.com/search/site/austin%20kleon,0,0,"",2,7.011024475097656,
https://www.cnn.com/2019/07/08/us/jeffrey-epstein-monday-court-appearance/index.html,0,0,"",1,58.29282760620117,
https://www.youtube.com/watch?v=cuCw5k-Lph0,0,0,"",1,64.70970916748047,
https://www.bbc.com/future/article/20200707-how-we-can-prepare-for-disaster,0,0,"",2,35.749080657958984,
https://healthsprings.docis.io/signature-image/booke/register/,1,0,"",2,2.8535537719726562,
https://www.wunderground.com/weather/us/ca/banning,0,null,Navigation timeout of 10000 ms exceeded,null,null
https://link.axios.com/view/5f0f9ed880b6f40c5613e69bckrdc.1e6e/3e089605,0,1,"",293,1.5528678894042969,
https://muckrack.com/james-paton,0,0,"",1,5.9103240966796875,
https://colleenhagerty.substack.com/,0,0,"",11,39.99237060546875,
https://www.citizendia.org/List_of_Canadian_diplomats,0,null,net::ERR_BLOCKED_BY_CLIENT at https://www.citizendia.org/List_of_Canadian_diplomats,null,null
https://www.theatlantic.com/health/archive/2020/07/second-coronavirus-death-surge/614122/,0,0,"",2,22.1522216796875,
https://www.atlasobscura.com/articles/female-lighthouse-keepers,0,0,"",62,76.07090377807617,
https://pub-7925195c95074105b4e34a03fa21cacc.r2.dev/fao.html,1,1,"",2,1.4988288879394531,
https://www.wired.com/story/2020-summer-reading-list/,0,0,"",2,85.55987930297852,
https://www.youtube.com/watch?v=GC5E8ie2pdM,0,0,"",2,65.41647338867188,
https://bit.ly/3XStggN,1,1,"",2,1.5180854797363281,
https://inside.com/campaigns/inside-daily-brief-24112,0,0,"",2,2.8682823181152344,
https://www.stubhub.com,0,0,"",1,35.38999938964844,
https://github.com/RevanthRameshkumar/CRD3,0,0,"",1,13.012954711914062,
https://gawhybnoc.firebaseapp.com/,1,null,"",7039,1.3220062255859375,
https://purolator.com-wai.vip/,1,null,Navigation timeout of 10000 ms exceeded,null,null
https://pub-16499d352cc14fe4b8cdf064bb205547.r2.dev/outmanagementsecure.html,1,1,"",1,3.497089385986328,
https://comma.ai/,0,0,"",1,2.798786163330078,
https://www.fes.de/,0,0,"",2,2.445934295654297,
https://txdmv.gov-iw.win/,1,null,net::ERR_NAME_NOT_RESOLVED at https://txdmv.gov-iw.win/,null,null
https://apnews.com/a05bd74bc4c43bc1373890e594083762,0,0,"",66,62.57151412963867,
https://www.citizendia.org/Fife,0,null,net::ERR_BLOCKED_BY_CLIENT at https://www.citizendia.org/Fife,null,null
https://muckrack.com/daily/2020/08/07/featured-journalist-milos-mudric,0,0,"",1,5.891536712646484,
https://www.youtube.com/watch?v=wxiMrvDbq3s,0,0,"",1,62.6315803527832,
https://wailet--trezoor.webflow.io/,1,1,"",3,2.381885528564453,
https://metabussiness-help-centers.pages.dev/,1,0,"",3,1.1317100524902344,
http://paginas.site/,1,1,"",3,9.102203369140625,
https://muckrack.com/jonathan-eig,0,0,"",1,17.584747314453125,
https://q-r.to/bfGN0j,1,1,"",1,2.938556671142578,
https://www.navajohopisolidarity.org/,0,0,"",2613,14.629436492919922,
https://pletchertoby685.wixsite.com/my-site,1,1,"",2,11.044677734375,
https://sararobinson.dev/2020/11/17/writing-a-technical-book.html,0,0,"",1,5.338207244873047,
https://dcist.com/story/20/08/07/jj-yore-resigns-as-wamu-general-manager/,0,0,"",208,13.635242462158203,
https://jun-july.weebly.com/,1,1,"",2,1.5212593078613281,
https://modificationsdesappels.weebly.com/,1,1,"",0,8.837837219238281,
https://megogo.net/en,0,null,"",7178,9.488372802734375,
https://www.swiss-miss.com/2020/11/my-own-lane.html#respond,0,0,"",1,2.749248504638672,
https://www.wegivethanksinc.org/,1,1,"",0,14.58538818359375,
https://surl.li/mvawyb,1,1,"",1,12.633941650390625,
https://thewhippet.substack.com/p/the-whippet-102-night-weasels,0,0,"",2,21.738845825195312,
https://www.cnn.com/2020/07/13/europe/cornwall-pub-electric-fence-gbr-intl/index.html,0,0,"",5,38.43893814086914,
https://www.nytimes.com/2020/07/23/nyregion/jeffrey-epstein-address-homes.html,0,0,"",1,73.45013427734375,
https://muckrack.com/lawrencefelic,0,0,"",1,10.380985260009766,
https://sites.google.com/view/asdasdasdw2/p%C3%A1gina-principal?authuser=2,1,1,"",2,15.411750793457031,
https://merics.org/en/report/tracing-testing-tweaking,0,0,"",714,4.444038391113281,
https://www.cbsnews.com/news/barack-obama-60-minutes-interview-trump/,0,0,"",2,28.867595672607422,
https://digiday.com/media/silent-world-facebook-video/,0,0,"",345,33.29511642456055,
https://www.theguardian.com/us-news/2020/nov/15/democrats-divided-joe-biden-election-party,0,0,"",1,10.64456558227539,
https://metafb-9oog2cr.firebaseapp.com/,1,0,"",1432,14.800289154052734,
https://digg.cmail20.com/t/t-u-ptdjtuk-vkjjhbly-ik/,0,0,"",2,2.14215087890625,
https://www.propublica.org/article/nypd-civilian-complaint-review-board-editors-note,0,0,"",3,24.619319915771484,
https://ew.com/awards/grammys/trevor-noah-host-2021-grammy-awards/,0,0,"",1,27.571945190429688,
https://www.bbc.com/news/business-53517252,0,0,"",0,32.45901107788086,
https://goldenhearts.co/oldest-golden-retriever/,0,0,"",528,4.610797882080078,
https://www.bleacherreport.com/articles/901971-ariel-helwani-and-his-top-30-mma-interviews,0,0,"",3,7.967243194580078,
https://l.ead.me/bfIFYV,1,1,"",2,3.0240020751953125,
https://www.nytimes.com/live/2020/11/23/us/joe-biden-trump,0,0,"",2,60.2957763671875,
https://help-live-io-ledgerss.webflow.io/,1,1,"",1,1.4957733154296875,
https://www.youtube.com/watch?v=w9xu861ThWo,0,0,"",1,83.68665313720703,
https://helps--trezsorachil.webflow.io/,1,1,"",2,2.3704795837402344,
https://www.vox.com/21561878/joe-biden-transition-silicon-valley-personnel-eric-schmidt,0,null,Navigation timeout of 10000 ms exceeded,null,null
https://www.coindesk.com/coinbase-to-offer-bitcoin-backed-loans-to-us-customers,0,0,"",1,39.101844787597656,
https://www.cnn.com/2020/07/22/politics/china-us-houston-consulate-intl-hnk/index.html,0,0,"",7,49.73838424682617,
https://digg.com/2019/cultural-regions-of-america-visualized,0,0,"",2,12.913642883300781,
https://www.vox.com/the-goods/21301655/bars-reopening-coronavirus-florida,0,0,"",91,48.50101089477539,
https://bookshop.org/books/look-9780525554264/9780525554264,0,0,"",3,25.836788177490234,
https://www.bcea3143.org/,0,0,"",2,5.6391754150390625,
https://pbs-reattribution.com/,1,1,"",0,2.6621627807617188,
https://semi-rad.com/2020/11/friday-inspiration-vol-261/,0,0,"",2,2.155467987060547,
https://hechingerreport.org/pandemic-speeds-up-influx-of-remote-workers-to-small-cities/,0,0,"",2,10.566925048828125,
https://www.rappler.com,0,0,"",1,28.775955200195312,
https://omsom.com/pages/shop,0,0,"",2,23.539474487304688,
https://massivesci.com/articles/climate-change-atmosphere-earth-green-new-deal/,0,0,"",0,16.64974594116211,
https://delegene1.web.app/,1,null,Execution context was destroyed, most likely because of a navigation.,null,null
https://inside.com/campaigns/inside-business-2020-07-29-23932,0,0,"",1,2.8727951049804688,
https://workew.com/job/chief-revenue-officer-safetywing/,0,0,"",3,8.690277099609375,
https://www.reddit.com/r/aww/comments/i3v0ub/raccoon_trying_to_grab_raindrops_from_the_sky/,0,0,"",5,20.978225708007812,
https://www.wsj.com/articles/quicken-loans-parent-prepares-for-a-big-ipo-11596630521,0,0,"",2,1.591888427734375,
https://www.nytimes.com/2020/08/05/world/how-to-help-lebanon-beirut.html,0,0,"",1,75.28886413574219,
https://apptrizoriou.gitbook.io/us,1,1,"",2,1.4872169494628906,
https://fortune.com/newsletter/raceahead,0,0,"",2,4.989341735839844,
https://hypebeast.com/2020/7/discord-rebrand-shift-from-gaming-community,0,0,"",1,32.28843307495117,
https://www.crunchyroll.com,0,0,"",3,12.391925811767578,
https://www.vice.com/en_us/article/a3dapa/the-forgotten-female-sniper-who-killed-75-nazis,0,0,"",3,52.97868728637695,
https://www.qualtrics.com,0,0,"",3,22.577556610107422,
https://digg.com/video/murphy-ladder-advertisement,0,0,"",1,12.956588745117188,
https://muckrack.com/rebecca-choong-wilkins,0,0,"",2,5.886394500732422,
https://www.vox.com/the-goods/21356150/american-men-wont-wear-masks-covid-19,0,null,Navigation timeout of 10000 ms exceeded,null,null
https://www.similarweb.com,0,0,"",3,22.922321319580078,
https://vimeo.com/446927270,0,0,"",2,200.62831115722656,
https://www.youtube.com/watch?v=oeAN8Xxz0q4,0,0,"",1,56.36603546142578,
https://www.youtube.com/watch?v=bbLpZn4B7b0,0,0,"",2,56.44449996948242,
https://www.ipsos.com/ipsos-mori/en-uk/ipsos-mori-veracity-index-2020-trust-in-professions,0,0,"",2,13.061687469482422,
https://interpidmvs.weebly.com/,1,1,"",2,1.5213241577148438,
https://hotm.art/GlTs8qth,1,0,"",1,1.9715728759765625,
https://borstell.github.io/dumplings.html,0,0,"",1,1.5121345520019531,
https://qrco.de/bfMupc,1,1,"",6,1.5026092529296875,
https://surveyheart.com/form/6536b3724df1567f6bbc2a59,1,1,"",3,3.5204124450683594,
https://apnews.com/0fbc6aa5a60520900a434b51bd3c7ef6,0,0,"",501,56.250030517578125,
https://www.ft.com/content/7795e60c-6dab-45c2-a4b0-28709fbb0c2c,0,0,"",2,9.82748794555664,
https://muckrack.com/annie-kelly,0,0,"",1,7.724037170410156,
https://thehustle.co/07202020-GPT-3/,0,0,"",4,27.628570556640625,
https://l.ead.me/bfGwTW,1,1,"",1,2.514270782470703,
https://www.nytimes.com/2020/07/16/us/politics/vaccine-hacking-russia.html,0,0,"",0,72.6287956237793,
https://utl00k-0wasapp.firebaseapp.com/,1,1,"",1,1.7457504272460938,
https://www.vanityfair.com/hollywood/2020/07/the-fall-of-a-cbs-showrunner,0,0,"",1,73.6082878112793,
https://www.currentaffairs.org/2020/07/the-fake-nerd-boys-of-silicon-valley,0,null,Requesting main frame too early!,null,null
https://my.runi.ac.il/my.policy,0,null,"",7055,1.9133110046386719,
https://my.runi.ac.il/my.policy,0,1,"",747,1.6446037292480469,
https://my.runi.ac.il/my.policy,0,1,"",5,1.615081787109375,
https://my.runi.ac.il/my.policy,1,1,"",1,1.615081787109375,
https://my.runi.ac.il/my.policy,0,1,"",1,1.615081787109375,
https://my.runi.ac.il/my.policy,0,1,"",1,1.615081787109375,
https://my.runi.ac.il/my.policy,0,1,"",2,1.615081787109375,
https://my.runi.ac.il/my.policy,0,1,"",1,1.615081787109375,
https://my.runi.ac.il/my.policy,0,1,"",1,1.6157608032226562,
https://my.runi.ac.il/my.policy,1,1,"",1,1.6154441833496094,
https://my.runi.ac.il/my.policy,0,1,"",1,1.615081787109375,
https://my.runi.ac.il/my.policy,0,1,"",2,1.615081787109375,
https://my.runi.ac.il/my.policy,0,1,"",1,1.615081787109375,
https://my.runi.ac.il/my.policy,1,null,Navigating frame was detached,null,null
